EPID,region,rw,hw,soiltypewrb,elevation,slope,year,precip,rain_days,size_unit,DateMowing1,DateMowing2,DateMowing3,G_STD,M_STD,F_STD,LUI,grazing,fertilization,mowing,vip,mip,biotope_id,biotop_name,conservation_type,org_farming,twi,ph,soil_depth,clay,sand,Arable.500,Forest.500,Grassland.500,Semi.Natural.500,Roads.500,Woodland.500,Urban.500,Water.500,Arable.1000,Forest.1000,Grassland.1000,Semi.Natural.1000,Roads.1000,Woodland.1000,Urban.1000,Water.1000
AEG01,ALB,3525400,5362300,Leptosol,691.03,2.85,2008,809.66003,203,9.79,2008-06-30,2008-09-30,NA,0,1.68,1.14,1.68,0,49.789233333333335,2,yes,yes,LSG084150000134,Großes Lautertal,LSG,no,6.57671,6.525,17,643,33,0.05131055,0.38123799,0.50079794,0.0262422,0.00626284,0.01392322,0.02022526,0,0.08741514,0.42425681,0.39717227,0.02670995,0.00378544,0.00662488,0.05403551,0
AEG02,ALB,3535100,5360000,Leptosol,752.63,6.18,2008,802.77002,203,6.34,2008-05-15,2008-07-15,2008-09-15,0,2.51,5.32,2.8,0,232.25,3,yes,yes,LSG084150000134,Großes Lautertal,LSG,no,5.39581,6.745,21,512,77,0.43888861,0.17352108,0.28563023,0.06489633,0,0.02862835,0.00843539,0,0.3710941,0.25697978,0.20360641,0.11195321,0.0021597,0.0496147,0.00459211,0
AEG03,ALB,3539490,5363590,Leptosol,807.72,3.15,2008,747.00006,181,5.19,2008-05-31,2008-07-15,2008-08-31,0,2.23,1.76,2,0,77,2.6666666666666665,yes,yes,NA,NA,NA,yes,7.0087,6.22,23,672,30,0.23663739,0.13874943,0.40327481,0.06798098,0.01454103,0.01021317,0.12860319,0,0.19330415,0.25966096,0.29372891,0.04293814,0.00984037,0.01101159,0.18951589,0
AEG04,ALB,3531105,5360425,Leptosol,660.1,10.58,2008,837.43005,201,4.39,2008-07-01,NA,NA,0.89,0.84,1.06,1.67,107.97266666666668,46.219233333333335,1,yes,yes,LSG084150000134,Großes Lautertal,LSG,no,5.00345,5.075,24,488,85,0.14589603,0.3266769,0.29128055,0.08820124,0.00386362,0.02098371,0.12309794,0,0.06840764,0.41944957,0.27015754,0.08269523,0.00416665,0.01850363,0.13661972,0
AEG05,ALB,3532600,5362100,Leptosol,717.79,2.79,2008,867.43994,200,8.16,2008-06-30,NA,NA,0.99,0.84,1.26,1.76,120.2696,55.08846666666667,1,yes,yes,LSG084150000134,Großes Lautertal,LSG,no,7.01538,6.14,21,365,117,0,0.6075444,0.32808174,0.02002805,0.00105394,0.00160409,0.0404156,0.00127219,0.02014784,0.59752203,0.31224353,0.04238287,0.00432621,0.00495586,0.01810365,3.1801e-4
AEG06,ALB,3532780,5362700,Leptosol,711.07,7.22,2008,867.43994,200,6.4,2008-06-01,NA,NA,4.89,0.84,1.24,2.64,596.25,53.9577,1,yes,yes,LSG084150000134,Großes Lautertal,LSG,no,5.37556,5.865,15,588,32,0,0.3883543,0.55808229,0.03172587,0.00314375,0.0058887,0.0128051,0,0.05907011,0.41559367,0.38921908,0.09496744,0.0060608,0.00670497,0.02806592,3.1801e-4
AEG07,ALB,3527985,5361580,Leptosol,794.66,10.23,2008,908.14001,204,9.1,NA,NA,NA,0.25,0,0,0.5,30.476166666666668,0,0,yes,yes,LSG084150000134 / 7622-341,Großes Lautertal / Großes Lautertal und Landgericht / Pflegezone BSG / Wacholderheide Sternberg SW Gomadingen,LSG / FFH / BSG / WBio,yes,7.15741,7.105,16,385,188,0.01349422,0.6322625,0.13137382,0.19132393,0,0.03154554,0,0,0.11885935,0.59492845,0.16627046,0.09765836,0.00357439,0.01570648,0.0030025,0
AEG08,ALB,3536500,5365100,Leptosol,760.28,3.74,2008,937.52002,205,8.1,2008-06-15,NA,NA,0.94,0.84,0,1.33,114.4033,0,1,yes,yes,7522-415-4725,Pflegezone BSG / Biotope am Westhang des Hungerbergs N Münsingen,BSG / Bio32,no,6.34614,6.515,12,673,8,0.31023043,0.09992802,0.31144469,0.23568136,0.00226205,0.01372901,0.02672444,0,0.28982054,0.05439516,0.24001675,0.18301416,0.00410849,0.02959169,0.19905322,0
AEG09,ALB,3537310,5361995,Leptosol,742.5,13.33,2008,802.75995,201,12.39,NA,NA,NA,0.29,0,0,0.54,35.5125,0,0,yes,yes,7623-415-2384,Pflegezone BSG / Wacholderheide Beutenlay (1),BSG / WBio,no,6.20493,6.7,27,556,27,0.12133102,0.47640313,0.17389725,0.2088752,0.003065,0.0164284,0,0,0.1013623,0.54315655,0.20173925,0.12765912,0.00859053,0.00978964,0.00770261,0
AEG10,ALB,3515825,5360120,Leptosol,750.27,11.13,2008,846.95007,209,4.13,2006-07-15,NA,NA,0,0.84,0,0.92,0,0,1,no,yes,NA,NA,NA,no,6.27307,6.075,29,647,26,0.10208177,0.24475323,0.42878886,0.05366312,0,0.00181046,0.16890257,0,0.0677846,0.46950721,0.31682782,0.03366959,0,0.00219809,0.11001267,0
AEG11,ALB,3525780,5372020,Leptosol,764.48,5.07,2008,999.83997,204,5.61,2008-05-31,2008-07-31,2008-09-30,0,2.23,1,1.8,0,43.7069,2.6666666666666665,no,no,LSG084150000135,Reutlinger und Uracher Alb,LSG,no,6.63527,5.49,31,643,30,0.09540428,0.66118602,0.24162488,0,0,0,0.00178482,0,0.17270762,0.62067893,0.19737643,0.00133371,0,6.8227e-4,0.00722105,0
AEG12,ALB,3526015,5361315,Leptosol,713.08,4.86,2008,912.84998,210,14.75,2008-06-30,2008-09-30,NA,0,1.68,1.16,1.68,0,50.7423,2,no,no,LSG084150000134,Großes Lautertal,LSG,no,5.73039,6.565,12,436,52,0.11029666,0.62835075,0.24674791,0.01050968,0.004095,0,0,0,0.11319777,0.690957,0.18252157,0.00670839,0.00315796,0.00221987,0.00123744,0
AEG13,ALB,3526900,5361600,Leptosol,740.46,7.12,2008,817.29999,199,6.74,2008-06-30,2008-09-30,NA,0,1.68,1.31,1.73,0,56.12846666666667,2,no,no,LSG084150000134,Großes Lautertal,LSG,no,6.78644,5.95,45,643,46,0.40903842,0.25169254,0.28305085,0.02766904,0.00851958,0.01140464,0.00862493,0,0.19050187,0.4671227,0.30307309,0.01894352,0.00406318,0.0066824,0.00961324,0
AEG14,ALB,3538500,5359900,Leptosol,729.05,6.13,2008,788.96008,199,5.64,2008-06-01,2008-07-31,NA,0,1.68,2.97,2.16,0,129.64616666666666,2,no,no,NA,NA,NA,no,6.16214,6.71,47,521,26,0.21714002,0.39097391,0.31037085,0.02772608,0.01325682,0.00421866,0.03631367,0,0.40185135,0.23943234,0.28191631,0.04906083,0.00566232,0.00246087,0.01961599,0
AEG15,ALB,3533240,5372265,Leptosol,746.77,6.81,2008,982.48999,208,3.78,2008-05-31,2008-07-15,2008-09-15,0,2.51,3.9,2.53,0,170,3,no,yes,7522-341,Uracher Talspinne,FFH,no,5.33101,5.675,12,642,18,0.46209659,0.37355803,0.14514323,0.0051777,0.00685339,0,0.00717106,0,0.4796049,0.27478556,0.18643923,0.01414586,0.00660849,0.00276444,0.03565152,0
AEG16,ALB,3533815,5362785,Leptosol,723.85,5.82,2008,806.90002,198,16.03,2008-06-15,2008-08-15,NA,0.47,1.4,1.01,1.7,57.059666666666665,44.05513333333334,1.6666666666666667,no,no,NA,NA,NA,yes,7.93477,6.605,23,528,23,0.14223195,0.12341336,0.60777173,0.04745091,2.8266e-4,0.00789085,0.07095854,0,0.08422697,0.41301905,0.37919509,0.08035429,0.0041711,0.01491405,0.02411943,0
AEG17,ALB,3538460,5362520,Leptosol,813.11,5.72,2008,762.31,194,1.98,2008-05-31,2008-07-15,2008-09-01,0,2.51,2.21,2.17,0,96.25,3,no,no,NA,NA,NA,yes,7.54967,6.86,37,618,17,0.25517265,0.17270837,0.51272837,0.04064828,0.00601653,0.01156797,0.00115784,0,0.2106697,0.2837136,0.33182477,0.10610448,0.01199067,0.02881976,0.02687701,0
AEG18,ALB,3538700,5360700,Leptosol,765.07,3.76,2008,804.59003,200,3.5,2008-06-01,2008-07-31,2008-10-31,0,2.51,3.61,2.47,0,157.57436666666666,3,no,yes,NA,NA,NA,no,5.99907,6.87,27,649,19,0.46873262,0.03896035,0.38420188,0.07256126,0.0048584,0.01024666,0.02043883,0,0.42592193,0.21467124,0.27456229,0.04098273,0.00683608,0.00587354,0.03115219,0
AEG19,ALB,3533200,5362300,Leptosol,719.71,6.1,2008,867.43994,200,5.13,2008-06-01,NA,NA,6.18,0.84,1.18,2.86,752.9564333333333,51.3569,1,no,no,LSG084150000134,Großes Lautertal,LSG,no,7.9923,5.85,15,637,36,0,0.54455914,0.44257834,0.00155674,0,0.00619207,0.00511371,0,0.03693514,0.60905007,0.30968742,0.01794521,0.00167183,0.00266913,0.02172319,3.1801e-4
AEG25,ALB,3519300,5361995,Leptosol,786.12,9.74,2008,894.59991,210,22.06,NA,NA,NA,0.45,0,0,0.67,54.6691,0,0,no,no,NSG084000000009 / 7521-341 / 7621-415-0230,Greuthau / Albtrauf Pfullingen / Wacholderheiden einschließlich ihrer Staudensäume,NSG / FFH /WBio,no,5.49756,6.965,41,463,131,0,0.49702062,0.33638831,0.15138626,0,0.0152048,0,0,0.0023493,0.72721701,0.18938006,0.06773429,0.00641445,0.00510282,0.00180207,0
AEG26,ALB,3529985,5362000,Leptosol,704.18,13.14,2008,913.31,206,1.4,NA,NA,NA,1.93,0,0,1.39,235.7143,0,0,no,yes,LSG084150000134 / 7622-341,Großes Lautertal / Großes Lautertal und Landgericht / Pflegezone BSG / Wacholderheide Schömberg,LSG / FFH / BSG / WBio,no,4.78686,6.66,17,679,80,0.0916438,0.13555428,0.35108305,0.37284432,0.00862992,0.00705971,0.03318492,0,0.1101376,0.24789875,0.35332845,0.15719112,0.00540674,0.0080398,0.11799752,0
AEG27,ALB,3535600,5364705,Leptosol,767.26,5.99,2008,924.75995,199,2.21,NA,NA,NA,1.68,0,0,1.3,205.12823333333333,0,0,no,no,NSG084000000234 / 7522-342,Seetalhalde-Galgenberg / Wacholderheiden bei Münsingen / Pflegezone BSG,NSG / FFH / BSG,no,5.34138,6.145,13,576,14,0.14947762,0,0.32471321,0.11559405,0.00336679,0.07696365,0.32988469,0,0.25643173,0.03252324,0.29223301,0.10372041,0.00623434,0.04921626,0.259641,0
AEG28,ALB,3536485,5369485,Leptosol,783.88,3.38,2008,898.51996,199,10.04,NA,NA,NA,0.44,0,0,0.67,54.11683333333333,0,0,no,no,7523-341,Truppenübungsplatz Münsingen / BSG Pflegezone / Magerrasen mit Gehölzen im Reisach,FFH / BSG / Bio32,no,6.69283,6.075,20,599,16,0,0.29120119,0,0.58821155,0.01185367,0.10873358,0,0,0.00823048,0.38716725,0,0.52371277,0.00715851,0.07373099,0,0
AEG29,ALB,3526600,5364400,Cambisol,684.93,4.13,2008,931.14996,217,3.53,2008-07-31,NA,NA,0.41,0.84,1.84,1.76,50.3683,80.4731,1,no,no,LSG084150000134,Großes Lautertal / Pflegezone BSG,LSG / BSG,no,7.29356,5.77,17,566,91,0,0.74420508,0.25579492,0,0,0,0,0,0.05718129,0.71454837,0.21775074,0.00338696,0,0.00644811,6.8453e-4,0
AEG30,ALB,3533900,5368820,Leptosol,696.6,6.44,2008,952.19,207,1.37,NA,NA,NA,1.02,0,0,1.01,124.0876,0,0,no,yes,NA,NA,NA,no,6.71256,6.645,23,556,69,0.16720182,0.51177457,0.27729633,0.03323626,0.0066029,0.00111783,6.213e-4,0.00214898,0.14029364,0.53988322,0.20740878,0.04823041,0.00717457,0.00783838,0.04771745,0.00145356
AEG31,ALB,3534100,5369100,Leptosol,728.03,8.12,2008,952.19,207,4.28,NA,NA,NA,0.49,0,0,0.7,59.5794,0,0,no,yes,NA,NA,NA,no,5.81848,6.55,30,595,24,0.3483647,0.2409321,0.34523683,0.03759909,0.00865592,0.00274009,0.01647127,0,0.1759476,0.57264706,0.19997404,0.03053056,0.00759442,0.00365116,0.00883002,8.2514e-4
AEG32,ALB,3536000,5369900,Leptosol,715.44,3.8,2008,895.48999,190,14.42,NA,NA,NA,0.31,0,0,0.56,37.67913333333333,0,0,no,no,7523-341,Truppenübungsplatz Münsingen / BSG Pflegezone,FFH / BSG,no,8.95942,5.295,19,461,73,0,0.52633128,0,0.39036804,0.0113296,0.07197108,0,0,0,0.57795288,0,0.36989598,0.0102082,0.04194294,0,0
AEG33,ALB,3536400,5368300,Leptosol,801.64,5.2,2008,910.35999,204,15.46,NA,NA,NA,1.98,0,0,1.41,241.48343333333332,0,0,no,yes,7523-341,Truppenübungsplatz Münsingen / BSG Pflegezone,FFH / BSG,no,6.34722,5.975,20,597,15,0.0111138,0.18822641,0,0.73791193,0.00516783,0.05541678,0.00216325,0,0.06123728,0.335618,0.09928833,0.44138489,0.01272325,0.04267912,0.00706912,0
AEG34,ALB,3537100,5368800,Leptosol,773.89,6.37,2008,904.19995,185,6.6,NA,NA,NA,0.75,0,0,0.87,91.9192,0,0,no,no,7523-341,Truppenübungsplatz Münsingen / BSG Pflegezone,FFH / BSG,no,8.4263,6.17,26,423,23,0.03328472,0.41615583,0,0.50052337,4.3735e-4,0.0478498,0.00174893,0,0.01767921,0.30569587,0,0.60580822,0.0051907,0.06254195,0.00308405,0
AEG35,ALB,3521400,5371500,Cambisol,752.49,3.44,2008,937.98999,210,14.46,2008-07-01,2008-09-15,NA,0,1.68,0.83,1.58,0,36.130766666666666,2,no,no,LSG084150000135,Reutlinger und Uracher Alb,LSG,no,9.36226,5.67,60,446,51,0.14961946,0.56186056,0.28851998,0,0,0,0,0,0.05765778,0.71465723,0.20469515,0.01139794,7.6314e-4,0.00221134,0.00861741,0
AEG36,ALB,3522200,5371200,Cambisol,757.26,3.69,2008,878.09003,213,9.64,2008-07-01,2008-09-15,NA,0,1.68,0.83,1.58,0,36.3569,2,no,no,LSG084150000135,Reutlinger und Uracher Alb,LSG,no,6.90753,6.015,36,588,199,0.03073511,0.32423196,0.62023904,0,0,0.01558237,0.00921152,0,0.07506474,0.41836396,0.43909332,0.00178509,0,0.01017535,0.05551754,0
AEG37,ALB,3530700,5362120,Cambisol,714.9,9.98,2008,909.60992,202,3.93,2008-06-30,2008-09-30,NA,0,1.68,1.23,1.71,0,53.54383333333333,2,no,no,LSG084150000134,Großes Lautertal,LSG,no,5.99159,6.1,30,566,100,0.30657661,0.17839064,0.39946381,0.07721215,0,0,0.03835679,0,0.15688644,0.25293423,0.38607828,0.12427782,0.0053661,0.00677915,0.06767797,0
AEG38,ALB,3531540,5366950,Cambisol,815.76,1.73,2008,899.08002,206,1.28,2008-06-15,2008-08-30,NA,0,1.68,0.34,1.42,0,14.997933333333332,2,no,yes,NA,Pflegezone BSG,BSG,no,7.40494,5.505,63,451,81,0,0.85968242,0.12815914,0,0.01215843,0,0,0,0.00451724,0.8205149,0.14772169,0.0194978,0.00618758,0.00156081,0,0
AEG39,ALB,3531600,5361910,Cambisol,702.4,6.13,2008,827.93994,200,5.55,2008-06-30,2008-09-30,NA,0,1.68,1.18,1.69,0,50.7331,2,no,yes,LSG084150000134,Großes Lautertal,LSG,no,8.01368,5.665,25,463,44,0.04392967,0.38463833,0.49136777,0.03579128,0.00626476,0.01891347,0.01909472,0,0.11894578,0.43741525,0.3512134,0.04369733,0.00450265,0.00656321,0.03734449,3.179e-4
AEG40,ALB,3542020,5363710,Cambisol,779.4,7.91,2008,841.45001,221,0.88,2008-05-25,2008-08-15,2008-09-30,0,1.96,1.01,1.72,0,43.9546,2.3333333333333335,no,no,NA,NA,NA,no,7.11323,6.71,27,698,33,0.15859541,0.32992933,0.38552393,0.06227124,0.02196066,0.03794625,0.00377319,0,0.22936863,0.35743671,0.21198605,0.14613501,0.01618671,0.02083805,0.01804882,0
AEG41,ALB,3529600,5359200,Cambisol,697.25,8.28,2008,856.89001,203,5.39,2008-07-01,2008-09-30,NA,0,1.96,2.55,2.12,0,111.41666666666669,2.3333333333333335,no,no,LSG084150000134,Großes Lautertal,LSG,no,6.1836,6.15,62,541,52,0.0791012,0.56816589,0.29894076,0.04716064,0,0.00663151,0,0,0.04084648,0.68932038,0.22047138,0.03840247,0,0.00549417,0.00546513,0
AEG20,ALB,3526420,5372480,Leptosol,520.63,15.07,2008,1011.76007,208,2.19,NA,NA,NA,2.6,0,0.38,1.73,316.4384,16.666666666666664,0,no,yes,LSG084150000135 / 7522-341,Reutlinger und Uracher Alb / Uracher Talspinne / BSG Pflegezone,LSG / FFH / BSG,no,8.24802,6.62,14,597,69,0.01197411,0.85875946,0.11407811,0,0,0,0.01518832,0,0.07552487,0.67699904,0.2090777,0.02411759,0,0.00354247,0.01073832,0
AEG21,ALB,3526505,5367220,Leptosol,732.75,3.02,2008,839.08002,204,2.93,NA,NA,NA,8.71,0,3.06,3.43,1061.2059333333332,133.68923333333333,0,no,yes,NA,NA,NA,no,6.38298,5.99,15,587,22,0.08963358,0.42625093,0.42162389,0.00330553,0,0,0.05918607,0,0.30566695,0.33897855,0.28937237,0.01794549,0.00923179,0.00105429,0.03775056,0
AEG22,ALB,3538090,5363080,Leptosol,796.64,8.47,2008,819.10992,197,4.84,2008-07-15,NA,NA,0.04,0.84,0,0.94,5.1653,0,1,no,yes,NA,Pflegezone BSG,BSG,no,6.79248,5.88,16,708,22,0.17071237,0.05183885,0.38865047,0.27772608,0.02811828,0.01408698,0.06886698,0,0.18856393,0.11778696,0.30129302,0.12474703,0.01074705,0.0110971,0.24576489,0
AEG23,ALB,3537990,5364710,Leptosol,716.16,1.45,2008,851.92004,198,0.49,2008-06-01,2008-08-15,NA,0,1.68,0,1.29,0,0,2,no,no,NA,NA,NA,yes,11.928,6.77,57,566,47,0.57158028,0,0.30237516,0.01899113,0.00159386,0.00341624,0.10204333,0,0.28999062,0.04252583,0.22989869,0.08684222,0.00390122,0.00801145,0.33671866,0.00211131
AEG24,ALB,3536620,5362190,Leptosol,768.85,2.78,2008,856.34003,199,1.88,2008-05-31,2008-07-15,NA,1.09,1.68,2.05,2.19,132.9787,89.36746666666667,2,no,no,NA,NA,NA,no,6.67787,6.08,28,638,33,0.05798103,0.44128889,0.41780438,0.05298938,0.00580117,0.00644087,0.01769428,0,0.07579932,0.47097543,0.28917974,0.11185455,0.00419273,0.01056434,0.03743389,0
AEG46,ALB,3532280,5362220,Cambisol,681.49,8.24,2008,899.02002,203,5.44,NA,NA,NA,2.55,0,0,1.6,310.2022,0,0,no,yes,LSG084150000134,Großes Lautertal,LSG,yes,5.6019,5.68,52,659,54,0.00315279,0.41059576,0.41416112,0.09477228,0.00697313,0.0072053,0.06186743,0.00127219,0.06059447,0.4783355,0.36955459,0.0582451,0.00605979,0.00851026,0.01838227,3.1801e-4
AEG47,ALB,3533100,5364700,Cambisol,720.08,16.64,2008,893.56,207,7.68,NA,NA,NA,0.88,0,0,0.94,107.09633333333332,0,0,no,no,NSG084000000237 / 7522-342,Kälberberg-Hochberg / Wacholderheiden bei Münsingen / Pflegezone BSG,NSG / FFH / BSG,no,5.81293,7.185,21,146,150,0.21565534,0.17838819,0.40450993,0.14040545,0.01181975,0.00569049,0.04353084,0,0.40040732,0.11049421,0.27011104,0.09335202,0.00628388,0.00850429,0.11084724,0
AEG48,ALB,3536985,5365015,Cambisol,748.76,10.23,2008,937.52002,205,7.68,NA,NA,NA,0.47,0,0,0.69,57.291666666666664,0,0,no,no,NSG084000000236 / 7522-342 / 7523-415-2167,Eckenlauh-Weißgerberberg / Wacholderheiden bei Münsingen / BSG Pfelgezone / Wacholderheide Weißgerberberg,NSG / FFH / BSG / WBio,no,4.88061,7.3,40,295,140,0.19151612,0.03166029,0.23479073,0.38739853,0.00282906,0.01631547,0.1354898,0,0.23835715,0.07371454,0.24758709,0.17925023,0.00400194,0.01381538,0.24327367,0
AEG49,ALB,3537400,5368900,Cambisol,809.81,2.72,2008,904.19995,185,5.55,NA,NA,NA,0.86,0,0,0.92,104.20423333333332,0,0,no,yes,7523-341,Truppenübungsplatz Münsingen / BSG Pflegezone,FFH / BSG,no,6.95198,6.155,36,451,27,0.03099808,0.35843951,0,0.58470861,0,0.02410486,0.00174893,0,0.0221804,0.33060262,0.00723504,0.57148566,0.00311802,0.06224791,0.00313035,0
AEG50,ALB,3534700,5363200,Cambisol,720.1,5.97,2008,874.68994,202,6.56,2008-08-15,2008-10-31,NA,0,1.68,1.12,1.67,0,48.9623,2,no,no,NA,NA,NA,no,9.9768,5.93,40,589,29,0.05607979,0.57057622,0.35179536,0.00977623,0.00621822,0.00350714,0.00204704,0,0.11931988,0.38375296,0.3858375,0.0593412,0.00745295,0.01382158,0.03047393,0
AEG42,ALB,3527920,5362310,Cambisol,707.45,11.05,2008,904.10992,202,2.54,2008-05-01,NA,NA,2.91,0.84,1.76,2.35,354.3307,77,1,no,no,LSG084150000134,Großes Lautertal,LSG,no,8.71307,6.965,45,159,84,0.02111635,0.60641723,0.17205509,0.09041415,0.00943702,0.01025615,0.09030401,0,0.09431248,0.5024323,0.22008159,0.08902977,0.00558905,0.01206388,0.07649094,0
AEG43,ALB,3540200,5364100,Cambisol,764.28,7.98,2008,788.67999,177,0.7,2008-07-15,NA,NA,1.72,0.84,1.56,2.03,209.5238,68.01666666666667,1,no,no,NA,NA,NA,no,7.10912,6.81,32,613,38,0.12281893,0.28220235,0.30495158,0.01772514,0.00955127,0.00131755,0.25759744,0.00383573,0.12952919,0.22620056,0.23436224,0.06763043,0.01047262,0.00868065,0.32216552,9.5881e-4
AEG44,ALB,3532300,5360110,Cambisol,682.37,13.88,2008,815.29993,200,1.16,NA,NA,NA,3.82,0,0,1.95,465.5172666666666,0,0,no,yes,LSG084150000134,Großes Lautertal / Pflegezone BSG,LSG / BSG,no,9.38806,7.05,25,152,113,0.2677752,0.14346564,0.45552647,0.0942412,0.00130121,0.00378979,0.0339005,0,0.37946173,0.19771097,0.22668444,0.08021519,0.00199573,0.00732303,0.10660891,0
AEG45,ALB,3533985,5362715,Cambisol,733.72,4.32,2008,806.90002,198,1.55,2008-06-25,2008-08-31,NA,0,1.68,0.11,1.34,0,4.9754,2,no,yes,NA,NA,NA,no,8.05619,5.19,54,529,54,0.10673894,0.17613474,0.59344185,0.04935821,0.0014737,0.00189403,0.07095854,0,0.06150197,0.47633439,0.36072379,0.06012851,0.00389374,0.01404926,0.02336834,0
SEG14,SCH,5431810,5884300,Gleysol,22.65,1.39,2008,467.47995,170,16.5,2008-07-10,NA,NA,0.49,0.31,0,0.89,81.5402,0,0.33333333333333337,no,no,51511,"Intensivgrasland feuchter Standorte, fast ausschließlich mit verschiedenen Grasarten",LSG,yes,8.64062,7.345,100,169,206,0.10624901,0.11432251,0.65353789,0.06730205,0,0.0497934,0.00879514,0,0.23867995,0.03479948,0.46380362,0.12111471,0.00497211,0.05465854,0.07744611,0.00452547
SEG15,SCH,5433780,5886810,Histosol,18.76,0.6,2008,499.82007,171,71.5,2008-06-20,NA,NA,0.11,0.93,0,1.02,18.666666666666668,0,1,no,no,51511,"Intensivgrasland feuchter Standorte, fast ausschließlich mit verschiedenen Grasarten",LSG,no,9.71106,7.365,100,191,216,0.17079218,0,0.77778498,0.04205791,0,0.00936493,0,0,0.2510884,0,0.64536656,0.05813156,0.00416245,0.01297805,0.02259522,0.00567777
SEG16,SCH,5433121,5887501,Gleysol,18.23,1.11,2008,508.71002,169,71.5,2008-06-26,NA,NA,0.11,0.93,0,1.02,18.666666666666668,0,1,no,no,510301,"Feuchtwiesen nährstoffreicher Standorte, weitgehend ohne spontanen Gehölzbewuchs (Gehölzdeckung < 10%)",LSG,no,8.94798,7.4,100,178,167,0.53567323,3.0691e-4,0.38456901,0.06066522,0.01175456,0.00703106,0,0,0.45709651,0.02542935,0.38888321,0.06675095,0.00748875,0.01814397,0.03052956,0.00567769
SEG17,SCH,5408100,5886000,Histosol,57.5,0.68,2008,651.29004,174,28.57,2008-06-01,NA,NA,0.29,1.23,0,1.24,48.792433333333335,0,1.3333333333333333,no,no,51032,"Feuchtwiesen nährstoffreicher Standorte, verarmte Ausprägung",LSG,yes,10.3158,5.03,100,374,278,0.59144311,0.01117445,0.28242331,0.00260175,0.00687825,0.01655912,0.08892001,0,0.26803029,0.30953734,0.25086077,0.01114638,0.01604396,0.01310127,0.13127999,0
SEG18,SCH,5424887,5890046,Luvisol,35.27,2.79,2008,624.97998,182,3.18,2008-06-17,2008-08-20,NA,0,1.54,0,1.24,0,0,1.6666666666666667,no,yes,511221,"Frischwiesen, verarmte Ausprägung, weitgehend ohne spontanen Gehölzbewuchs (Gehölzdeckung < 10%)",NSG2,yes,8.40603,5.14,102,65,846,0.24770503,0.38639307,0.16617083,0.09767522,0.01783167,0.03930702,0,0.04491716,0.315232,0.44227157,0.10553176,0.04856304,0.02651559,0.01951979,0.02410557,0.01826068
SEG19,SCH,5433800,5888491,Gleysol,17,0.12,2008,490.70999,165,51.6,2008-09-30,NA,NA,0.11,0.31,0,0.65,18.666666666666668,0,0.33333333333333337,no,no,51511,"Intensivgrasland feuchter Standorte, fast ausschließlich mit verschiedenen Grasarten",LSG,no,11.5129,7.325,100,87,360,0.2766,0.03031402,0.52889972,0.03943801,0.00841512,0.05735074,0.05898239,0,0.40241762,0.02622375,0.29541057,0.05714969,0.00966228,0.07245968,0.12714583,0.00953058
SEG20,SCH,5407400,5886591,Histosol,55.38,0.82,2008,629.10999,173,19,NA,NA,NA,1.18,0.62,0,1.34,196.0561,0,0.6666666666666666,no,no,51032,"Feuchtwiesen nährstoffreicher Standorte, verarmte Ausprägung",LSG,yes,7.99441,6.585,100,307,389,0.10183582,0.05502932,0.77721747,0.01007626,0.00175528,0.01831788,0.03576797,0,0.2061752,0.20254154,0.52664389,0.00716167,0.00562833,0.01712503,0.03472434,0
SEG21,SCH,5407120,5886900,Gleysol,55.2,0.55,2008,629.10999,173,8.3,NA,NA,NA,2.12,0.62,0,1.65,352.42566666666664,0,0.6666666666666666,no,no,51512,"Intensivgrasland frischer Standorte, fast ausschließlich mit verschiedenen Grasarten",LSG,yes,8.15101,5.345,100,278,412,0.17546838,0.08528719,0.71415341,0.01432796,8.749e-5,0.01067557,0,0,0.13566259,0.34660987,0.48180849,0.00641162,0.0089703,0.01094476,0.00959237,0
SEG22,SCH,5431400,5885889,Gleysol,22.33,0.26,2008,496.45999,170,33.67,NA,NA,NA,0.73,0,0,0.85,121.4731,0,0,no,yes,51511,"Intensivgrasland feuchter Standorte, fast ausschließlich mit verschiedenen Grasarten",LSG,no,14.2406,7.275,100,93,271,0.20934511,0.01337234,0.59467821,0.03302869,0,0.02893258,0.12064308,0,0.5053714,0.00334264,0.31854144,0.04290716,0.00658169,0.02123636,0.1010429,9.7642e-4
SEG23,SCH,5434900,5886600,Histosol,15.78,0.18,2008,542.90002,171,43.4,2008-06-02,2008-09-12,NA,0,1.85,0,1.36,0,0,2,no,yes,51511,"Intensivgrasland feuchter Standorte, fast ausschließlich mit verschiedenen Grasarten",LSG,no,8.84416,5.2,100,373,166,0,0,0.86879827,0.07732941,0.011566420000000001,0.03390204,0.0048475,0.00355636,0.03421172,0.00609167,0.76204201,0.09637682,0.01255992,0.05789113,0.02696351,0.00386322
SEG24,SCH,5432880,5885000,Histosol,18.03,0.72,2008,523.94,173,58.69,2008-06-15,2008-09-15,NA,0,1.54,0,1.24,0,0,1.6666666666666667,no,no,51032,"Feuchtwiesen nährstoffreicher Standorte, verarmte Ausprägung",LSG,no,8.5505,7.07,100,283,213,0.07381626,0,0.71285666,0.19724755,0,0.01607953,0,0,0.40111542,0,0.42602602,0.15726095,0.00466589,0.01093172,0,0
SEG25,SCH,5407590,5887379,Histosol,55.67,0.98,2008,700.29004,174,8.98,2008-06-15,2008-09-16,NA,0,1.85,0,1.36,0,0,2,no,yes,51511,"Intensivgrasland feuchter Standorte, fast ausschließlich mit verschiedenen Grasarten",LSG,yes,8.33487,6.305,100,176,618,0,0.60280774,0.36312866,0,0.01894185,0.01512174,0,0,0.07489761,0.52476311,0.35277279,0.0018674,0.01030616,0.01094818,0.02444474,0
SEG26,SCH,5434397,5886403,Histosol,14.7,0.31,2008,542.90002,171,43.4,2008-06-02,NA,NA,0,1.54,0,1.24,0,0,1.6666666666666667,no,no,51511,"Intensivgrasland feuchter Standorte, fast ausschließlich mit verschiedenen Grasarten",LSG,no,9.99545,7.14,100,427,220,0.00441354,0,0.95658213,0.02431015,0,0.01469418,0,0,0.09164273,0,0.77919025,0.08002234,0.00991373,0.02814046,0.01033492,7.5556e-4
SEG01,SCH,5431100,5884400,Histosol,22.65,0.42,2008,471.87,170,23,2008-05-26,2008-07-09,2008-08-31,0,2.47,5.99,2.91,0,112.66666666666669,2.6666666666666665,yes,yes,51511,"Intensivgrasland feuchter Standorte, fast ausschließlich mit verschiedenen Grasarten",LSG,no,11.4468,7.235,100,233,301,0.05999559,0.10190694,0.5292579,0.20976352,0.00324819,0.04862342,0.02372542,0.02347902,0.14659983,0.06732013,0.40923163,0.12956046,0.00476947,0.03285153,0.20320246,0.0064645
SEG02,SCH,5431800,5884600,Histosol,21,0.06,2008,471.87,170,45,2008-06-03,2008-09-01,NA,0.04,1.85,5.29,2.68,7.259266666666667,99.33333333333331,2,yes,yes,51032,"Feuchtwiesen nährstoffreicher Standorte, verarmte Ausprägung",LSG,no,11.5129,7.32,100,198,275,0.07154055,0.01549523,0.75371556,0.11606723,0,0.04318143,0,0,0.25525322,0.03743322,0.50820768,0.10276367,0.00253462,0.04092588,0.04788354,0.00499817
SEG03,SCH,5432200,5886100,Histosol,19.4,0.35,2008,472.06003,167,30.4,2008-06-02,2008-09-01,NA,0.19,1.85,5.18,2.69,31.392533333333333,97.33333333333331,2,yes,yes,51032,"Feuchtwiesen nährstoffreicher Standorte, verarmte Ausprägung",LSG,no,9.49238,7.42,100,89,311,0.40475098,0,0.59204933,0.00181819,0,0.0013815,0,0,0.56750511,0.00334269,0.36152731,0.05042891,0.00113523,0.00713464,0.00864626,2.7986e-4
SEG04,SCH,5433300,5887300,Histosol,19,0.35,2008,481.22998,164,71.5,2008-06-22,NA,NA,0.11,0.93,0,1.02,18.666666666666668,0,1,yes,yes,510301,"Feuchtwiesen nährstoffreicher Standorte, weitgehend ohne spontanen Gehölzbewuchs (Gehölzdeckung < 10%)",LSG,no,9.72116,7.35,100,163,151,0.44933175,0,0.49616585,0.03513094,0.00892958,0.0044868,0,0.0059551,0.38295114,0.00890837,0.48238731,0.05812145,0.00709418,0.01773675,0.0371231,0.00567771
SEG05,SCH,5433200,5886600,Gleysol,19.05,0.35,2008,499.82007,171,71.5,2008-06-20,NA,NA,0.11,0.93,0,1.02,18.662933333333335,0,1,yes,yes,51511,"Intensivgrasland feuchter Standorte, fast ausschließlich mit verschiedenen Grasarten",LSG,no,9.72117,7.415,100,162,263,0.27773887,0,0.65517787,0.04436944,0,0,0,0.02271381,0.40593625,0,0.50341554,0.08149663,0,0.00347387,0,0.00567771
SEG06,SCH,5407899,5886579,Histosol,57.47,0.16,2008,688.06995,177,28.57,2008-06-01,NA,NA,0.23,1.23,0,1.21,38.344433333333335,0,1.3333333333333333,yes,yes,51511,"Intensivgrasland feuchter Standorte, fast ausschließlich mit verschiedenen Grasarten",LSG,yes,9.05661,5.535,100,248,468,0.30304453,0.20239288,0.45495482,0.00520434,0.00942151,0.02498192,0,0,0.27007582,0.19405144,0.38506859,0.01159545,0.00898492,0.01382933,0.11639444,0
SEG07,SCH,5431599,5884500,Histosol,21,0.06,2008,471.87,170,6.5,NA,NA,NA,1.46,0,0,1.21,243.07866666666663,0,0,yes,yes,51032,"Feuchtwiesen nährstoffreicher Standorte, verarmte Ausprägung",LSG,no,11.5129,7.295,100,157,195,0.04037033,0.06985817,0.76841951,0.05834032,0,0.06298298,2.869e-5,0,0.23128771,0.04553044,0.48852231,0.09954178,0.00269187,0.03734878,0.08902273,0.00605439
SEG08,SCH,5434320,5887310,Gleysol,16.3,0.43,2008,547.31006,166,17.9,2008-06-05,2008-09-09,NA,0.11,0.62,0,0.85,18.666666666666668,0,0.6666666666666667,yes,yes,51511,"Intensivgrasland feuchter Standorte, fast ausschließlich mit verschiedenen Grasarten",LSG,no,9.43349,7.34,100,110,177,0.03714955,0,0.76277171,0.02392957,0.00772064,0.03732659,0.13110194,0,0.17777877,0.00775334,0.64312068,0.05866259,0.0061437,0.0182166,0.08832432,0
SEG09,SCH,5407200,5886001,Histosol,57.4,0,2008,580.34998,169,42.2,2008-10-01,NA,NA,1.13,0.93,0,1.43,187.41863333333333,0,1,yes,yes,51032,"Feuchtwiesen nährstoffreicher Standorte, verarmte Ausprägung",LSG,yes,12.3239,6.56,100,171,686,0.16959619,0.04693107,0.67422549,0.00540583,0.00426363,0.01876479,0.080813,0,0.26268728,0.17909385,0.44990828,0.02294168,0.00400865,0.01393615,0.06742411,0
SEG10,SCH,5433000,5886510,Histosol,17.7,0.67,2008,471.07001,169,30.4,2008-06-02,2008-09-01,NA,0.19,1.85,5.18,2.69,31.392533333333333,97.33333333333331,2,no,no,51032,"Feuchtwiesen nährstoffreicher Standorte, verarmte Ausprägung",LSG,no,13.707,7.395,100,183,301,0.30956624,0,0.63716827,0.03055177,0,0,0,0.02271372,0.44421439,0,0.47183421,0.07688678,0,0.00138693,0,0.00567769
SEG11,SCH,5432691,5886400,Gleysol,17.5,0,2008,471.07001,169,30.4,2008-06-02,2008-09-01,NA,0.19,1.85,5.18,2.69,31.392533333333333,97.33333333333331,2,no,no,51032,"Feuchtwiesen nährstoffreicher Standorte, verarmte Ausprägung",LSG,no,14.854,7.425,100,137,311,0.29463281,0,0.6854821,0.01988509,0,0,0,0,0.5375619,0,0.40911445,0.04687741,0,4.8872e-4,0,0.00595751
SEG12,SCH,5430800,5884401,Histosol,23.98,0.36,2008,467.29999,166,23,2008-05-26,2008-07-09,2008-08-31,0,2.47,5.99,2.91,0,112.66666666666669,2.6666666666666665,no,no,51511,"Intensivgrasland feuchter Standorte, fast ausschließlich mit verschiedenen Grasarten",LSG,no,8.32798,7.37,100,138,314,0.06596221,0.06240123,0.35920678,0.31387776,0.00169634,3.4767e-4,0.17681183,0.01969619,0.15488475,0.06059756,0.38707412,0.1153427,0.00512988,0.0313129,0.23919364,0.00646446
SEG13,SCH,5420800,5871820,Cambisol,67.88,0.65,2008,657.53998,165,8.46,2008-06-18,2008-10-06,NA,0.11,1.85,3.49,2.34,17.966900000000003,67.99283333333334,2,no,no,511221,"Frischwiesen, verarmte Ausprägung, weitgehend ohne spontanen Gehölzbewuchs (Gehölzdeckung < 10%)",LSG,yes,12.1269,7.125,99,41,635,0.31174041,0,0.48865403,0.12171173,0.03839489,0.0393964,0,1.0254e-4,0.22630366,0.00315376,0.45760614,0.12660075,0.01830356,0.02201278,0.05078715,0.09523219
SEG27,SCH,5413600,5888620,Histosol,62.53,0.27,2008,660.44,171,3,2008-07-01,NA,NA,0,0.93,0,0.96,0,0,1,no,yes,511221,"Frischwiesen, verarmte Ausprägung, weitgehend ohne spontanen Gehölzbewuchs (Gehölzdeckung < 10%)",FFH,yes,8.78957,5.76,100,416,167,0.03593253,0.20596627,0.62114182,0.08881757,0.00933078,0.00423966,0.02135569,0.01321569,0.03673238,0.30444944,0.53932513,0.06065908,0.00436837,0.0164324,0.01963847,0.01839472
SEG28,SCH,5433550,5885000,Histosol,18.17,0.96,2008,509.01999,174,19.9,2008-06-15,2008-09-15,NA,0,1.54,0,1.24,0,0,1.6666666666666667,no,no,51511,"Intensivgrasland feuchter Standorte, fast ausschließlich mit verschiedenen Grasarten",LSG,no,9.18217,7.295,100,175,174,0.20435024,0,0.71396783,0.07074691,0.01005038,0,8.8464e-4,0,0.34634913,0,0.48693296,0.14419824,0.00635086,0.00710967,0.00905915,0
SEG29,SCH,5433051,5884700,Histosol,19.4,0.62,2008,509.01999,174,19.9,2008-09-30,NA,NA,0,0.62,0,0.79,0,0,0.6666666666666666,no,no,510301,"Feuchtwiesen nährstoffreicher Standorte, weitgehend ohne spontanen Gehölzbewuchs (Gehölzdeckung < 10%)",LSG,no,10.8361,7.39,100,195,110,0.21705469,0,0.65480216,0.11848953,0.00965362,0,0,0,0.39344082,0,0.43677202,0.14516686,0.00595392,0.01832166,5.947e-5,2.8525e-4
SEG30,SCH,5421900,5891300,Albeluvisol,67.47,0.16,2008,579.72998,181,32.44,2008-05-31,NA,NA,0,1.23,0,1.11,0,0,1.3333333333333333,no,no,511221,"Frischwiesen, verarmte Ausprägung, weitgehend ohne spontanen Gehölzbewuchs (Gehölzdeckung < 10%)",LSG,yes,12.8008,7.09,102,146,511,0.50747372,0.00650578,0.36211566,0.04539474,0,0.02244454,0.02781828,0.02824727,0.54823081,0.04513122,0.23108377,0.0610118,0.00128811,0.02080022,0.0305176,0.06193646
SEG31,SCH,5422220,5891400,Cambisol,63.35,4.68,2008,579.72998,181,32.44,2008-05-31,NA,NA,0,1.23,0,1.11,0,0,1.3333333333333333,no,yes,511221,"Frischwiesen, verarmte Ausprägung, weitgehend ohne spontanen Gehölzbewuchs (Gehölzdeckung < 10%)",NSG2,yes,7.42466,6.235,99,182,537,0.1805269,0.08859993,0.60360662,0.04455858,0,0.01930541,0,0.06340256,0.43719603,0.13038715,0.24283413,0.03376002,0.00149109,0.03127918,0.0348306,0.0882218
SEG32,SCH,5422001,5891720,Luvisol,59.18,2.44,2008,579.72998,181,32.44,2008-05-31,NA,NA,0,1.23,0,1.11,0,0,1.3333333333333333,no,yes,511221,"Frischwiesen, verarmte Ausprägung, weitgehend ohne spontanen Gehölzbewuchs (Gehölzdeckung < 10%)",LSG,yes,7.66063,5.91,102,190,576,0.52596388,0.00275382,0.39955862,0.0468328,0,0,0.0027123,0.02217858,0.54209907,0.05376541,0.22557626,0.03959396,0.00492772,0.03305532,0.0324925,0.06848975
SEG33,SCH,5422400,5873220,Albeluvisol,75.13,3.55,2008,679.15002,170,8.17,NA,NA,NA,1.2,0.93,2.34,2.11,199.10243333333335,48.6523,1,no,yes,511221,"Frischwiesen, verarmte Ausprägung, weitgehend ohne spontanen Gehölzbewuchs (Gehölzdeckung < 10%)",NSG2,yes,6.11094,5.71,100,118,617,0,0.36209503,0.46894415,0.05101827,0.00878407,0.04010239,0,0.06905609,0.02005535,0.40563925,0.31588437,0.05209598,0.00472088,0.02951103,0.00469894,0.16739419
SEG34,SCH,5422710,5872920,Albeluvisol,86.08,8.09,2008,679.15002,170,27.76,2008-05-30,NA,NA,0.64,1.23,4.51,2.53,106.61383333333332,91.64513333333332,1.3333333333333333,no,no,511221,"Frischwiesen, verarmte Ausprägung, weitgehend ohne spontanen Gehölzbewuchs (Gehölzdeckung < 10%)",NSG2,yes,6.38947,5.58,100,138,589,0,0.31025223,0.57794114,0.06312422,0,0.00967916,0,0.03900325,0.03310996,0.44505644,0.36501562,0.04600651,0.00420259,0.03688517,0.00472587,0.06499784
SEG35,SCH,5422780,5872600,Luvisol,89.17,2.47,2008,679.15002,170,27.76,2008-05-30,NA,NA,0.64,1.23,4.51,2.53,106.61383333333332,92.81743333333333,1.3333333333333333,no,yes,51512,"Intensivgrasland frischer Standorte, fast ausschließlich mit verschiedenen Grasarten",NSG2,yes,6.32009,5.965,100,200,562,0.01181503,0.17327345,0.69968684,0.06471446,0,0.02800145,0,0.02250878,0.06632542,0.38296096,0.41099824,0.05195099,0.00364601,0.04744534,0.00781555,0.02885749
SEG36,SCH,5422075,5873350,Albeluvisol,64.07,3.33,2008,678.78998,167,6.56,NA,NA,NA,1.93,0.93,0,1.69,321.55996666666664,0,1,no,no,51522,"Intensivgrasland, frischer Standorte, neben Gräsern auch verschiedene krautige Pflanzenarten",NSG2,yes,7.92319,6.2,100,139,560,0,0.34796908,0.29753096,0.024864,0.0088616,0.04414637,0,0.276628,0.00307321,0.38792224,0.32824751,0.04472532,0.00448554,0.0257129,0.0054053,0.200428
SEG37,SCH,5424911,5889781,Albeluvisol,51.13,4.37,2008,624.97998,182,18.16,NA,NA,NA,3.21,0,0,1.79,533.9464333333333,0,0,no,yes,51522,"Intensivgrasland, frischer Standorte, neben Gräsern auch verschiedene krautige Pflanzenarten",LSG,yes,6.63369,4.575,100,93,808,0.17876582,0.40511181,0.25659994,0.07837767,0.01919454,0.04414039,0.00381309,0.01399673,0.32177143,0.4136561,0.10349385,0.04272851,0.02961079,0.0218617,0.03464935,0.03222827
SEG38,SCH,5411469,5887874,Cambisol,69.18,2.1,2008,710.71997,175,3.32,NA,NA,NA,6.61,0.62,0,2.69,1101.6867666666667,0,0.6666666666666666,no,yes,51512,"Intensivgrasland frischer Standorte, fast ausschließlich mit verschiedenen Grasarten",FFH,yes,6.37265,5.17,72,89,838,0,0.06426898,0.64248501,0.1217388,0.00595572,0.02662972,0.13495358,0.00396819,0.00637711,0.36101507,0.35947238,0.11565129,0.0040988,0.013440240000000001,0.0386791,0.101266
SEG39,SCH,5421100,5872700,Cambisol,70.47,1.74,2008,685.69,169,11.76,2008-05-30,NA,NA,0.11,1.54,1.1,1.66,18.877566666666667,20.666666666666664,1.6666666666666667,no,yes,51512,"Intensivgrasland frischer Standorte, fast ausschließlich mit verschiedenen Grasarten",NSG2,yes,7.88013,7.065,98,225,538,0.17695724,0.02621903,0.53801276,0.18280442,0.02558444,0.03773578,0.00158063,0.01110569,0.23943137,0.18608871,0.34537887,0.0900948,0.0171679,0.0381598,0.06203066,0.02164789
SEG40,SCH,5422510,5887679,Luvisol,60.15,3.88,2008,596.66003,172,16.62,NA,NA,NA,3.04,0,0,1.74,505.8523666666667,0,0,no,no,51522,"Intensivgrasland, frischer Standorte, neben Gräsern auch verschiedene krautige Pflanzenarten",LSG,yes,7.90814,5.755,98,98,710,0.25783798,0.00876844,0.55472776,0.08467477,0,0.09226497,0,0.00172608,0.30344242,0.21678171,0.33782513,0.05971554,0.00442181,0.06755549,0.00416867,0.00608922
SEG41,SCH,5423303,5888389,Luvisol,40.02,0.98,2008,600.72003,174,8.11,NA,NA,NA,5.15,0,0,2.27,858.0024666666667,0,0,no,no,51512,"Intensivgrasland frischer Standorte, fast ausschließlich mit verschiedenen Grasarten",LSG,yes,8.73861,5.3,100,136,679,0.07237129,0,0.50684497,0.09830881,0,0.08056245,0.24191249,0,0.30612817,0.0234898,0.3699112,0.08659263,0.00380422,0.05911144,0.14457273,0.00638981
SEG42,SCH,5430699,5860281,Luvisol,69.78,4.01,2008,697.26001,174,10.93,NA,NA,NA,4.65,0,0.6,2.29,773.9646,10.7002,0,no,yes,51522,"Intensivgrasland, frischer Standorte, neben Gräsern auch verschiedene krautige Pflanzenarten",LSG,yes,8.04424,5.08,95,117,594,0.01419844,0.4137176,0.43388485,0.0545593,0.0032969,0.01504522,0.06296496,0.00233273,0.13113164,0.3630683,0.30623224,0.05750792,0.00764311,0.017915,0.08696621,0.02953557
SEG43,SCH,5430641,5860939,Luvisol,66.88,2.82,2008,697.26001,174,9.72,NA,NA,NA,1.73,0,0.5,1.5,288.9986333333333,9.4713,0,no,yes,51512,"Intensivgrasland frischer Standorte, fast ausschließlich mit verschiedenen Grasarten",LSG,yes,6.94663,5.94,95,131,748,0.11353003,0.38188806,0.2821946,0.09566806,0.00187369,0.00233557,0.0058704,0.1166396,0.18034572,0.50783026,0.19063013,0.05747318,0.00690194,0.00830296,0.01812495,0.03039084
SEG44,SCH,5430469,5861329,Cambisol,59.73,1.1,2008,712.58997,174,3,NA,NA,NA,1.69,0,0.14,1.35,280.93333333333334,2.659566666666666,0,no,no,51512,"Intensivgrasland frischer Standorte, fast ausschließlich mit verschiedenen Grasarten",FFH,yes,6.9978,5.41,99,113,698,0.02582468,0.52560217,0.28225628,0.05222775,0.00813824,0.0013269,0.00977478,0.0948492,0.10636418,0.68704278,0.12787706,0.03090098,0.00797682,0.00219412,0.00547313,0.03217093
SEG45,SCH,5430081,5861490,Albeluvisol,58.65,2.35,2008,712.58997,174,12.8,NA,NA,NA,0.79,0,0,0.89,132.3125,0,0,no,no,51512,"Intensivgrasland frischer Standorte, fast ausschließlich mit verschiedenen Grasarten",FFH,yes,7.40699,5.255,107,100,666,0,0.67447875,0.23845666,0.03669604,0.01597466,0.0020456,0.01489619,0.01745209,0.01471999,0.81324476,0.10076838,0.02568191,0.00749638,8.0123e-4,0.00519061,0.03209674
SEG46,SCH,5421300,5872420,Cambisol,72.82,1.67,2008,690.02002,167,3.34,NA,NA,NA,1.97,1.54,0,1.88,328.84233333333333,0,1.6666666666666667,no,yes,51512,"Intensivgrasland frischer Standorte, fast ausschließlich mit verschiedenen Grasarten",NSG2,yes,8.0278,5.365,100,146,644,0.13913315,0.00829857,0.48051084,0.15476169,9.6977e-4,0.0317295,0.17458923,0.01000724,0.32187328,0.06854991,0.36762079,0.09035221,0.01691982,0.04711902,0.06332325,0.02424173
SEG47,SCH,5421400,5873401,Luvisol,84.07,4.99,2008,678.78998,167,10.08,NA,NA,NA,0.96,0.93,0,1.37,159.50783333333334,0,1,no,no,51512,"Intensivgrasland frischer Standorte, fast ausschließlich mit verschiedenen Grasarten",NSG2,yes,6.44781,6.165,102,186,559,0,0.5699853,0.3256622,0.02581805,0.0086681,0.00657051,0,0.06329585,0.0559393,0.42195276,0.28350562,0.04352681,0.01617518,0.02617512,8.2386e-4,0.15190135
SEG48,SCH,5406801,5885900,Luvisol,57.88,1.02,2008,630.38,174,42.2,2008-10-01,NA,NA,1.13,0.62,0,1.32,187.41863333333333,0,0.6666666666666666,no,no,51512,"Intensivgrasland frischer Standorte, fast ausschließlich mit verschiedenen Grasarten",LSG,yes,8.81498,6.725,100,130,750,0.25685207,0.14223957,0.51492151,0.06102666,0,0.01027224,0.01468795,0,0.34136576,0.19489971,0.34581833,0.02302058,0.00506349,0.00727369,0.08255845,0
SEG49,SCH,5423325,5871975,Albeluvisol,80.54,1.39,2008,705.25,168,10.53,NA,NA,NA,2.7,0.93,0,1.9,450.21843333333334,0,1,no,no,51512,"Intensivgrasland frischer Standorte, fast ausschließlich mit verschiedenen Grasarten",LSG,yes,7.22633,5.975,99,106,522,0.09874011,0.46529005,0.18126399,0.20247562,0,0.03349567,0.01231841,0.00641616,0.14581748,0.3753136,0.21370464,0.15247064,0.00244929,0.03264618,0.02571522,0.05188294
SEG50,SCH,5416477,5888457,Cambisol,75.6,3.46,2008,569.99005,170,38.05,NA,NA,NA,2.85,0.62,0,1.86,474.71746666666667,0,0.6666666666666666,no,yes,511221,"Frischwiesen, verarmte Ausprägung, weitgehend ohne spontanen Gehölzbewuchs (Gehölzdeckung < 10%)",NSG2,yes,6.39348,5.07,90,92,796,0,0,0.64455426,0.25018237,0.00943117,0.06178838,0,0.03404381,0,0.05505349,0.70221366,0.15314164,0.00659637,0.04666255,0.0101108,0.02622148
